"Year","Quarter","mps_t","CPIAUCSL","FEDFUNDS","GDPC1","UNRATE","log_gdp","log_cpi","quarter_date","xi_nominal_sum","xi_real_sum","total_cites","patent_count","log_innovation","log_innovation_lag1","log_innovation_lag2","log_innovation_lag3","log_innovation_lag4","mps_t_lag1","mps_t_lag2","mps_t_lag3","mps_t_lag4","FEDFUNDS_lag1","FEDFUNDS_lag2","FEDFUNDS_lag3","FEDFUNDS_lag4","log_gdp_lag1","log_gdp_lag2","log_gdp_lag3","log_gdp_lag4","log_cpi_lag1","log_cpi_lag2","log_cpi_lag3","log_cpi_lag4","UNRATE_lag1","UNRATE_lag2","UNRATE_lag3","UNRATE_lag4"
1969,1,-0.245265491711,35.8666666666667,6.56666666666667,5283.597,3.4,8.57236239475486,3.57980835905957,1969-01-01,17197.7554996673,44522.5712670439,50007,5743,10.7037515590461,NA,NA,NA,NA,NA,NA,NA,NA,NA,NA,NA,NA,NA,NA,NA,NA,NA,NA,NA,NA,NA,NA,NA,NA
1969,2,0.588516565266,36.4333333333333,8.32666666666667,5299.625,3.43333333333333,8.57539134232,3.59548410651438,1969-04-01,18039.8503348789,46702.636410721,54640,6517,10.7515558962545,10.7037515590461,NA,NA,NA,-0.245265491711,NA,NA,NA,6.56666666666667,NA,NA,NA,8.57236239475486,NA,NA,NA,3.57980835905957,NA,NA,NA,3.4,NA,NA,NA
1969,3,0.519138207707,36.9333333333333,8.98333333333333,5334.6,3.56666666666667,8.58196918435515,3.60911448564507,1969-07-01,17191.3246383174,44505.9226710815,58973,6685,10.7033775530303,10.7515558962545,10.7037515590461,NA,NA,0.588516565266,-0.245265491711,NA,NA,8.32666666666667,6.56666666666667,NA,NA,8.57539134232,8.57236239475486,NA,NA,3.59548410651438,3.57980835905957,NA,NA,3.43333333333333,3.4,NA,NA
1969,4,0.147146712621,37.5,8.94,5308.556,3.56666666666667,8.57707513751732,3.62434093297637,1969-10-01,16474.7940027231,42650.9255879516,58322,6487,10.6608042546293,10.7033775530303,10.7515558962545,10.7037515590461,NA,0.519138207707,0.588516565266,-0.245265491711,NA,8.98333333333333,8.32666666666667,6.56666666666667,NA,8.58196918435515,8.57539134232,8.57236239475486,NA,3.60911448564507,3.59548410651438,3.57980835905957,NA,3.56666666666667,3.43333333333333,3.4,NA
1970,1,-0.659637014895,38.1,8.57333333333333,5300.652,4.16666666666667,8.57558511084194,3.64021428213266,1970-01-01,16503.4440839632,40470.757351628,61875,6617,10.6083349515972,10.6608042546293,10.7033775530303,10.7515558962545,10.7037515590461,0.147146712621,0.519138207707,0.588516565266,-0.245265491711,8.94,8.98333333333333,8.32666666666667,6.56666666666667,8.57707513751732,8.58196918435515,8.57539134232,8.57236239475486,3.62434093297637,3.60911448564507,3.59548410651438,3.57980835905957,3.56666666666667,3.56666666666667,3.43333333333333,3.4
1970,2,-0.024066024554,38.6333333333333,7.88666666666667,5308.164,4.76666666666667,8.57700129173441,3.6541154616776,1970-04-01,12801.0063966214,31391.4126711115,51600,5753,10.3542896526816,10.6083349515972,10.6608042546293,10.7033775530303,10.7515558962545,-0.659637014895,0.147146712621,0.519138207707,0.588516565266,8.57333333333333,8.94,8.98333333333333,8.32666666666667,8.57558511084194,8.57707513751732,8.58196918435515,8.57539134232,3.64021428213266,3.62434093297637,3.60911448564507,3.59548410651438,4.16666666666667,3.56666666666667,3.56666666666667,3.43333333333333
1970,3,-0.997565381092,39.0333333333333,6.70666666666667,5357.077,5.16666666666667,8.58617376949429,3.66441598193556,1970-07-01,14629.4861079317,35875.3227169384,49255,5104,10.4878049486156,10.3542896526816,10.6083349515972,10.6608042546293,10.7033775530303,-0.024066024554,-0.659637014895,0.147146712621,0.519138207707,7.88666666666667,8.57333333333333,8.94,8.98333333333333,8.57700129173441,8.57558511084194,8.57707513751732,8.58196918435515,3.6541154616776,3.64021428213266,3.62434093297637,3.60911448564507,4.76666666666667,4.16666666666667,3.56666666666667,3.56666666666667
1970,4,-0.58402334827,39.6,5.56666666666667,5299.672,5.83333333333333,8.57540021083269,3.67882911826043,1970-10-01,18611.3439896585,45639.8787284087,71556,7920,10.7285371468386,10.4878049486156,10.3542896526816,10.6083349515972,10.6608042546293,-0.997565381092,-0.024066024554,-0.659637014895,0.147146712621,6.70666666666667,7.88666666666667,8.57333333333333,8.94,8.58617376949429,8.57700129173441,8.57558511084194,8.57707513751732,3.66441598193556,3.6541154616776,3.64021428213266,3.62434093297637,5.16666666666667,4.76666666666667,4.16666666666667,3.56666666666667
1971,1,-0.771795439731,39.9333333333333,3.85666666666667,5443.619,5.93333333333333,8.60219937601735,3.68721139701324,1971-01-01,20114.4059768885,47765.5966750443,75241,7244,10.7740609245144,10.7285371468386,10.4878049486156,10.3542896526816,10.6083349515972,-0.58402334827,-0.997565381092,-0.024066024554,-0.659637014895,5.56666666666667,6.70666666666667,7.88666666666667,8.57333333333333,8.57540021083269,8.58617376949429,8.57700129173441,8.57558511084194,3.67882911826043,3.66441598193556,3.6541154616776,3.64021428213266,5.83333333333333,5.16666666666667,4.76666666666667,4.16666666666667
1971,2,0.806098798568,40.3,4.56666666666667,5473.059,5.9,8.60759297127949,3.69635146895264,1971-04-01,20601.0059771056,48921.1236828585,66773,6715,10.7979645593423,10.7740609245144,10.7285371468386,10.4878049486156,10.3542896526816,-0.771795439731,-0.58402334827,-0.997565381092,-0.024066024554,3.85666666666667,5.56666666666667,6.70666666666667,7.88666666666667,8.60219937601735,8.57540021083269,8.58617376949429,8.57700129173441,3.68721139701324,3.67882911826043,3.66441598193556,3.6541154616776,5.93333333333333,5.83333333333333,5.16666666666667,4.76666666666667
1971,3,-0.117032651367,40.7,5.47666666666667,5518.072,6.03333333333333,8.61578380289798,3.70622809244855,1971-07-01,18843.3982646374,44747.3399179715,65595,6503,10.7087872787624,10.7979645593423,10.7740609245144,10.7285371468386,10.4878049486156,0.806098798568,-0.771795439731,-0.58402334827,-0.997565381092,4.56666666666667,3.85666666666667,5.56666666666667,6.70666666666667,8.60759297127949,8.60219937601735,8.57540021083269,8.58617376949429,3.69635146895264,3.68721139701324,3.67882911826043,3.66441598193556,5.9,5.93333333333333,5.83333333333333,5.16666666666667
1971,4,-1.583164967057,41,4.75,5531.032,5.93333333333333,8.61812969555017,3.71357206670431,1971-10-01,18136.200946447,43067.9613716119,88155,8120,10.670534644019,10.7087872787624,10.7979645593423,10.7740609245144,10.7285371468386,-0.117032651367,0.806098798568,-0.771795439731,-0.58402334827,5.47666666666667,4.56666666666667,3.85666666666667,5.56666666666667,8.61578380289798,8.60759297127949,8.60219937601735,8.57540021083269,3.70622809244855,3.69635146895264,3.68721139701324,3.67882911826043,6.03333333333333,5.9,5.93333333333333,5.83333333333333
1972,1,-0.068187275148,41.3333333333333,3.54666666666667,5632.649,5.76666666666667,8.63633512557391,3.72166927693693,1972-01-01,20927.8322490759,48060.151235525,91090,8386,10.7802086560921,10.670534644019,10.7087872787624,10.7979645593423,10.7740609245144,-1.583164967057,-0.117032651367,0.806098798568,-0.771795439731,4.75,5.47666666666667,4.56666666666667,3.85666666666667,8.61812969555017,8.61578380289798,8.60759297127949,8.60219937601735,3.71357206670431,3.70622809244855,3.69635146895264,3.68721139701324,5.93333333333333,6.03333333333333,5.9,5.93333333333333
1972,2,-0.268990009237,41.6,4.3,5760.47,5.7,8.65877434758329,3.72810016726722,1972-04-01,21048.327816474,48336.8657620679,84925,7654,10.7859498147965,10.7802086560921,10.670534644019,10.7087872787624,10.7979645593423,-0.068187275148,-1.583164967057,-0.117032651367,0.806098798568,3.54666666666667,4.75,5.47666666666667,4.56666666666667,8.63633512557391,8.61812969555017,8.61578380289798,8.60759297127949,3.72166927693693,3.71357206670431,3.70622809244855,3.69635146895264,5.76666666666667,5.93333333333333,6.03333333333333,5.9
1972,3,0,41.9333333333333,4.74333333333333,5814.854,5.56666666666667,8.66817095715691,3.73608105559823,1972-07-01,18921.2138807811,43452.0111709232,71580,6336,10.6794124166401,10.7859498147965,10.7802086560921,10.670534644019,10.7087872787624,-0.268990009237,-0.068187275148,-1.583164967057,-0.117032651367,4.3,3.54666666666667,4.75,5.47666666666667,8.65877434758329,8.63633512557391,8.61812969555017,8.61578380289798,3.72810016726722,3.72166927693693,3.71357206670431,3.70622809244855,5.7,5.76666666666667,5.93333333333333,6.03333333333333
1972,4,0.009269850277,42.3666666666667,5.14666666666667,5912.22,5.36666666666667,8.68477667438493,3.7463618895273,1972-10-01,16772.0377900324,38516.4914895805,52196,4543,10.5588417789388,10.6794124166401,10.7859498147965,10.7802086560921,10.670534644019,0,-0.268990009237,-0.068187275148,-1.583164967057,4.74333333333333,4.3,3.54666666666667,4.75,8.66817095715691,8.65877434758329,8.63633512557391,8.61812969555017,3.73608105559823,3.72810016726722,3.72166927693693,3.71357206670431,5.56666666666667,5.7,5.76666666666667,5.93333333333333
1973,1,0.569268848456,43.0333333333333,6.53666666666667,6058.544,4.93333333333333,8.70922478616893,3.76197500918449,1973-01-01,21186.9809154385,44758.6436655154,71983,6148,10.7090398595877,10.5588417789388,10.6794124166401,10.7859498147965,10.7802086560921,0.009269850277,0,-0.268990009237,-0.068187275148,5.14666666666667,4.74333333333333,4.3,3.54666666666667,8.68477667438493,8.66817095715691,8.65877434758329,8.63633512557391,3.7463618895273,3.73608105559823,3.72810016726722,3.72166927693693,5.36666666666667,5.56666666666667,5.7,5.76666666666667
1973,2,0.6634697655,43.9333333333333,7.81666666666667,6124.506,4.93333333333333,8.72005337909907,3.7826733334003,1973-04-01,22082.4689585593,46650.4106137528,82537,7139,10.7504370082465,10.7090398595877,10.5588417789388,10.6794124166401,10.7859498147965,0.569268848456,0.009269850277,0,-0.268990009237,6.53666666666667,5.14666666666667,4.74333333333333,4.3,8.70922478616893,8.68477667438493,8.66817095715691,8.65877434758329,3.76197500918449,3.7463618895273,3.73608105559823,3.72810016726722,4.93333333333333,5.36666666666667,5.56666666666667,5.7
1973,3,-0.137988203335,44.8,10.56,6092.301,4.8,8.71478112185553,3.80220813942094,1973-07-01,22605.2589162564,47754.8326888877,89813,7193,10.7738355489319,10.7504370082465,10.7090398595877,10.5588417789388,10.6794124166401,0.6634697655,0.569268848456,0.009269850277,0,7.81666666666667,6.53666666666667,5.14666666666667,4.74333333333333,8.72005337909907,8.70922478616893,8.68477667438493,8.66817095715691,3.7826733334003,3.76197500918449,3.7463618895273,3.73608105559823,4.93333333333333,4.93333333333333,5.36666666666667,5.56666666666667
1973,4,-1.108075744341,45.9333333333333,9.99666666666667,6150.131,4.76666666666667,8.72422866138671,3.82719106991145,1973-10-01,23437.785326545,49513.5897807535,88113,7102,10.8100024519026,10.7738355489319,10.7504370082465,10.7090398595877,10.5588417789388,-0.137988203335,0.6634697655,0.569268848456,0.009269850277,10.56,7.81666666666667,6.53666666666667,5.14666666666667,8.71478112185553,8.72005337909907,8.70922478616893,8.68477667438493,3.80220813942094,3.7826733334003,3.76197500918449,3.7463618895273,4.8,4.93333333333333,4.93333333333333,5.36666666666667
1974,1,0.727655603472,47.3,9.32333333333333,6097.258,5.13333333333333,8.71559444090559,3.85651029549789,1974-01-01,22486.3992263923,42286.5619363373,75090,6170,10.6522246298417,10.8100024519026,10.7738355489319,10.7504370082465,10.7090398595877,-1.108075744341,-0.137988203335,0.6634697655,0.569268848456,9.99666666666667,10.56,7.81666666666667,6.53666666666667,8.72422866138671,8.71478112185553,8.72005337909907,8.70922478616893,3.82719106991145,3.80220813942094,3.7826733334003,3.76197500918449,4.76666666666667,4.8,4.93333333333333,4.93333333333333
1974,2,1.058232802038,48.5666666666667,11.25,6111.751,5.2,8.71796859048768,3.88293742453305,1974-04-01,26334.5937610551,49523.2437587471,98287,7666,10.8101974092267,10.6522246298417,10.8100024519026,10.7738355489319,10.7504370082465,0.727655603472,-1.108075744341,-0.137988203335,0.6634697655,9.32333333333333,9.99666666666667,10.56,7.81666666666667,8.71559444090559,8.72422866138671,8.71478112185553,8.72005337909907,3.85651029549789,3.82719106991145,3.80220813942094,3.7826733334003,5.13333333333333,4.76666666666667,4.8,4.93333333333333
1974,3,-0.542516362665,49.9333333333333,12.09,6053.978,5.63333333333333,8.70847085561404,3.91068878241501,1974-07-01,20026.3961680885,37660.4290174453,75356,5881,10.5363651940062,10.8101974092267,10.6522246298417,10.8100024519026,10.7738355489319,1.058232802038,0.727655603472,-1.108075744341,-0.137988203335,11.25,9.32333333333333,9.99666666666667,10.56,8.71796859048768,8.71559444090559,8.72422866138671,8.71478112185553,3.88293742453305,3.85651029549789,3.82719106991145,3.80220813942094,5.2,5.13333333333333,4.76666666666667,4.8
1974,4,-0.176011673622,51.4666666666667,9.34666666666667,6030.464,6.6,8.70457923535122,3.94093434892257,1974-10-01,22124.6926342163,41606.3584026883,98704,7663,10.636008280788,10.5363651940062,10.8101974092267,10.6522246298417,10.8100024519026,-0.542516362665,1.058232802038,0.727655603472,-1.108075744341,12.09,11.25,9.32333333333333,9.99666666666667,8.70847085561404,8.71796859048768,8.71559444090559,8.72422866138671,3.91068878241501,3.88293742453305,3.85651029549789,3.82719106991145,5.63333333333333,5.2,5.13333333333333,4.76666666666667
1975,1,-0.609453712388,52.5666666666667,6.30333333333333,5957.035,8.26666666666667,8.69232815305208,3.96208220530088,1975-01-01,20225.5707677591,35567.8505753748,75552,5876,10.479197435098,10.636008280788,10.5363651940062,10.8101974092267,10.6522246298417,-0.176011673622,-0.542516362665,1.058232802038,0.727655603472,9.34666666666667,12.09,11.25,9.32333333333333,8.70457923535122,8.70847085561404,8.71796859048768,8.71559444090559,3.94093434892257,3.91068878241501,3.88293742453305,3.85651029549789,6.6,5.63333333333333,5.2,5.13333333333333
1975,2,-0.331165286176,53.2,5.42,5999.61,8.86666666666667,8.6994497460976,3.9740583963476,1975-04-01,26977.1803765814,47440.9514370152,89147,6730,10.7672410890568,10.479197435098,10.636008280788,10.5363651940062,10.8101974092267,-0.609453712388,-0.176011673622,-0.542516362665,1.058232802038,6.30333333333333,9.34666666666667,12.09,11.25,8.69232815305208,8.70457923535122,8.70847085561404,8.71796859048768,3.96208220530088,3.94093434892257,3.91068878241501,3.88293742453305,8.26666666666667,6.6,5.63333333333333,5.2
1975,3,-0.180254599123,54.2666666666667,6.16,6102.326,8.46666666666667,8.71642528895607,3.99391016490033,1975-07-01,28125.1430077218,49459.7109469124,92828,6951,10.8089136968794,10.7672410890568,10.479197435098,10.636008280788,10.5363651940062,-0.331165286176,-0.609453712388,-0.176011673622,-0.542516362665,5.42,6.30333333333333,9.34666666666667,12.09,8.6994497460976,8.69232815305208,8.70457923535122,8.70847085561404,3.9740583963476,3.96208220530088,3.94093434892257,3.91068878241501,8.86666666666667,8.26666666666667,6.6,5.63333333333333
1975,4,-0.200806521495,55.2666666666667,5.41333333333333,6184.53,8.3,8.72980629164007,4.01216995403308,1975-10-01,25154.0336698168,44234.8411923268,108765,8088,10.6972680198201,10.8089136968794,10.7672410890568,10.479197435098,10.636008280788,-0.180254599123,-0.331165286176,-0.609453712388,-0.176011673622,6.16,5.42,6.30333333333333,9.34666666666667,8.71642528895607,8.6994497460976,8.69232815305208,8.70457923535122,3.99391016490033,3.9740583963476,3.96208220530088,3.94093434892257,8.46666666666667,8.86666666666667,8.26666666666667,6.6
1976,1,-0.798703153075,55.9,4.82666666666667,6323.649,7.73333333333333,8.75205169394272,4.02356438016105,1976-01-01,24216.7048287742,40610.8314654357,94772,6822,10.611790094872,10.6972680198201,10.8089136968794,10.7672410890568,10.479197435098,-0.200806521495,-0.180254599123,-0.331165286176,-0.609453712388,5.41333333333333,6.16,5.42,6.30333333333333,8.72980629164007,8.71642528895607,8.6994497460976,8.69232815305208,4.01216995403308,3.99391016490033,3.9740583963476,3.96208220530088,8.3,8.46666666666667,8.86666666666667,8.26666666666667
1976,2,-0.196284337552,56.4,5.19666666666667,6370.025,7.56666666666667,8.75935867320529,4.03246915850401,1976-04-01,23695.2825397024,39736.4188294661,109529,7536,10.5900233970343,10.611790094872,10.6972680198201,10.8089136968794,10.7672410890568,-0.798703153075,-0.200806521495,-0.180254599123,-0.331165286176,4.82666666666667,5.41333333333333,6.16,5.42,8.75205169394272,8.72980629164007,8.71642528895607,8.6994497460976,4.02356438016105,4.01216995403308,3.99391016490033,3.9740583963476,7.73333333333333,8.3,8.46666666666667,8.86666666666667
1976,3,-0.164066066077,57.3,5.28333333333333,6404.895,7.73333333333333,8.76481782075384,4.04830062372069,1976-07-01,21279.21093973,35684.7248748737,93315,6381,10.4824780015499,10.5900233970343,10.611790094872,10.6972680198201,10.8089136968794,-0.196284337552,-0.798703153075,-0.200806521495,-0.180254599123,5.19666666666667,4.82666666666667,5.41333333333333,6.16,8.75935867320529,8.75205169394272,8.72980629164007,8.71642528895607,4.03246915850401,4.02356438016105,4.01216995403308,3.99391016490033,7.56666666666667,7.73333333333333,8.3,8.46666666666667
1976,4,-0.142056297257,58.1333333333333,4.87333333333333,6451.177,7.76666666666667,8.77201787376241,4.06273922280677,1976-10-01,18698.3508820539,31356.6846406951,92044,6309,10.3531827495101,10.4824780015499,10.5900233970343,10.611790094872,10.6972680198201,-0.164066066077,-0.196284337552,-0.798703153075,-0.200806521495,5.28333333333333,5.19666666666667,4.82666666666667,5.41333333333333,8.76481782075384,8.75935867320529,8.75205169394272,8.72980629164007,4.04830062372069,4.03246915850401,4.02356438016105,4.01216995403308,7.73333333333333,7.56666666666667,7.73333333333333,8.3
1977,1,-0.409444828327,59.2,4.66,6527.703,7.5,8.78381039928543,4.08092154188996,1977-01-01,18763.2230716184,29489.3811882441,87136,5860,10.2917855178063,10.3531827495101,10.4824780015499,10.5900233970343,10.611790094872,-0.142056297257,-0.164066066077,-0.196284337552,-0.798703153075,4.87333333333333,5.28333333333333,5.19666666666667,4.82666666666667,8.77201787376241,8.76481782075384,8.75935867320529,8.75205169394272,4.06273922280677,4.04830062372069,4.03246915850401,4.02356438016105,7.76666666666667,7.73333333333333,7.56666666666667,7.73333333333333
1977,2,-0.245223277639,60.2333333333333,5.15666666666667,6654.466,7.13333333333333,8.80304348718904,4.09822590893007,1977-04-01,18434.5826085975,28972.8705732545,104015,6835,10.2741151736438,10.2917855178063,10.3531827495101,10.4824780015499,10.5900233970343,-0.409444828327,-0.142056297257,-0.164066066077,-0.196284337552,4.66,4.87333333333333,5.28333333333333,5.19666666666667,8.78381039928543,8.77201787376241,8.76481782075384,8.75935867320529,4.08092154188996,4.06273922280677,4.04830062372069,4.03246915850401,7.5,7.76666666666667,7.73333333333333,7.56666666666667
1977,3,-0.135940572273,61.0666666666667,5.82,6774.457,6.9,8.82091449493443,4.11196616357192,1977-07-01,18255.1854182145,28690.9194334579,107746,7210,10.2643359556372,10.2741151736438,10.2917855178063,10.3531827495101,10.4824780015499,-0.245223277639,-0.409444828327,-0.142056297257,-0.164066066077,5.15666666666667,4.66,4.87333333333333,5.28333333333333,8.80304348718904,8.78381039928543,8.77201787376241,8.76481782075384,4.09822590893007,4.08092154188996,4.06273922280677,4.04830062372069,7.13333333333333,7.5,7.76666666666667,7.73333333333333
1977,4,-0.195973032418,61.9666666666667,6.51333333333333,6774.592,6.66666666666667,8.8209344225323,4.12659660605929,1977-10-01,15886.3350821403,24967.8953947972,84466,5446,10.1253460943711,10.2643359556372,10.2741151736438,10.2917855178063,10.3531827495101,-0.135940572273,-0.245223277639,-0.409444828327,-0.142056297257,5.82,5.15666666666667,4.66,4.87333333333333,8.82091449493443,8.80304348718904,8.78381039928543,8.77201787376241,4.11196616357192,4.09822590893007,4.08092154188996,4.06273922280677,6.9,7.13333333333333,7.5,7.76666666666667
1978,1,-0.057231550727,63.0333333333333,6.75666666666667,6796.26,6.33333333333333,8.82412773985872,4.1436636869963,1978-01-01,15499.0117825397,22344.2178726127,94224,6036,10.0143228584105,10.1253460943711,10.2643359556372,10.2741151736438,10.2917855178063,-0.195973032418,-0.135940572273,-0.245223277639,-0.409444828327,6.51333333333333,5.82,5.15666666666667,4.66,8.8209344225323,8.82091449493443,8.80304348718904,8.78381039928543,4.12659660605929,4.11196616357192,4.09822590893007,4.08092154188996,6.66666666666667,6.9,7.13333333333333,7.5
1978,2,-0.041480693177,64.4666666666667,7.28333333333333,7058.92,6,8.86204734428125,4.16614829435108,1978-04-01,17385.855496018,25064.3943339935,92190,6129,10.1292035655913,10.0143228584105,10.1253460943711,10.2643359556372,10.2741151736438,-0.057231550727,-0.195973032418,-0.135940572273,-0.245223277639,6.75666666666667,6.51333333333333,5.82,5.15666666666667,8.82412773985872,8.8209344225323,8.82091449493443,8.80304348718904,4.1436636869963,4.12659660605929,4.11196616357192,4.09822590893007,6.33333333333333,6.66666666666667,6.9,7.13333333333333
1978,3,-0.361787271763,65.9666666666667,8.1,7129.915,6.03333333333333,8.87205459187865,4.18914956394041,1978-07-01,19102.849632016,27539.7064118873,106920,6928,10.2233841118005,10.1292035655913,10.0143228584105,10.1253460943711,10.2643359556372,-0.041480693177,-0.057231550727,-0.195973032418,-0.135940572273,7.28333333333333,6.75666666666667,6.51333333333333,5.82,8.86204734428125,8.82412773985872,8.8209344225323,8.82091449493443,4.16614829435108,4.1436636869963,4.12659660605929,4.11196616357192,6,6.33333333333333,6.66666666666667,6.9
1978,4,0.259138376171,67.5,9.58333333333333,7225.75,5.9,8.88540631382151,4.21212759787848,1978-10-01,19380.1728229988,27939.5105985918,82554,5455,10.2377971165012,10.2233841118005,10.1292035655913,10.0143228584105,10.1253460943711,-0.361787271763,-0.041480693177,-0.057231550727,-0.195973032418,8.1,7.28333333333333,6.75666666666667,6.51333333333333,8.87205459187865,8.86204734428125,8.82412773985872,8.8209344225323,4.18914956394041,4.16614829435108,4.1436636869963,4.12659660605929,6.03333333333333,6,6.33333333333333,6.66666666666667
1979,1,-0.018902174052,69.2,10.0733333333333,7238.727,5.86666666666667,8.8872006411908,4.23700086262362,1979-01-01,22159.9714670143,28198.3470036581,84776,5357,10.2470186383166,10.2377971165012,10.2233841118005,10.1292035655913,10.0143228584105,0.259138376171,-0.361787271763,-0.041480693177,-0.057231550727,9.58333333333333,8.1,7.28333333333333,6.75666666666667,8.88540631382151,8.87205459187865,8.86204734428125,8.82412773985872,4.21212759787848,4.18914956394041,4.16614829435108,4.1436636869963,5.9,6.03333333333333,6,6.33333333333333
1979,2,0.041084131852,71.4,10.18,7246.454,5.7,8.88826752475034,4.26829786934554,1979-04-01,21027.5278049601,26757.323517133,74780,4741,10.1945634911957,10.2470186383166,10.2377971165012,10.2233841118005,10.1292035655913,-0.018902174052,0.259138376171,-0.361787271763,-0.041480693177,10.0733333333333,9.58333333333333,8.1,7.28333333333333,8.8872006411908,8.88540631382151,8.87205459187865,8.86204734428125,4.23700086262362,4.21212759787848,4.18914956394041,4.16614829435108,5.86666666666667,5.9,6.03333333333333,6
1979,3,0.858429908159,73.7,10.9466666666667,7300.281,5.86666666666667,8.89566811954633,4.30000279919529,1979-07-01,18752.855521546,23862.8252790467,55275,3609,10.0800770993312,10.1945634911957,10.2470186383166,10.2377971165012,10.2233841118005,0.041084131852,-0.018902174052,0.259138376171,-0.361787271763,10.18,10.0733333333333,9.58333333333333,8.1,8.88826752475034,8.8872006411908,8.88540631382151,8.87205459187865,4.26829786934554,4.23700086262362,4.21212759787848,4.18914956394041,5.7,5.86666666666667,5.9,6.03333333333333
1979,4,0.044937951292,76.0333333333333,13.5766666666667,7318.535,5.96666666666667,8.89816545031333,4.33117184062223,1979-10-01,17882.0895843227,22754.7841385907,55561,3734,10.0325306940771,10.0800770993312,10.1945634911957,10.2470186383166,10.2377971165012,0.858429908159,0.041084131852,-0.018902174052,0.259138376171,10.9466666666667,10.18,10.0733333333333,9.58333333333333,8.89566811954633,8.88826752475034,8.8872006411908,8.88540631382151,4.30000279919529,4.26829786934554,4.23700086262362,4.21212759787848,5.86666666666667,5.7,5.86666666666667,5.9
1980,1,1.608040690134,79.0333333333333,15.0466666666667,7341.557,6.3,8.90130622445376,4.36986970440325,1980-01-01,22890.5803376944,25887.8405673115,75985,4647,10.1615286612836,10.0325306940771,10.0800770993312,10.1945634911957,10.2470186383166,0.044937951292,0.858429908159,0.041084131852,-0.018902174052,13.5766666666667,10.9466666666667,10.18,10.0733333333333,8.89816545031333,8.89566811954633,8.88826752475034,8.8872006411908,4.33117184062223,4.30000279919529,4.26829786934554,4.23700086262362,5.96666666666667,5.86666666666667,5.7,5.86666666666667
1980,2,-3.984732664275,81.7,12.6866666666667,7190.289,7.33333333333333,8.88048664462219,4.40305400186596,1980-04-01,27568.8722517977,31178.7014110715,81387,5076,10.3474904936069,10.1615286612836,10.0325306940771,10.0800770993312,10.1945634911957,1.608040690134,0.044937951292,0.858429908159,0.041084131852,15.0466666666667,13.5766666666667,10.9466666666667,10.18,8.90130622445376,8.89816545031333,8.89566811954633,8.88826752475034,4.36986970440325,4.33117184062223,4.30000279919529,4.26829786934554,6.3,5.96666666666667,5.86666666666667,5.7
1980,3,0.975843030159,83.2333333333333,9.83666666666667,7181.743,7.66666666666667,8.87929739024156,4.42164790861762,1980-07-01,36223.7406086007,40966.8259953582,90924,5690,10.6205178961061,10.3474904936069,10.1615286612836,10.0325306940771,10.0800770993312,-3.984732664275,1.608040690134,0.044937951292,0.858429908159,12.6866666666667,15.0466666666667,13.5766666666667,10.9466666666667,8.88048664462219,8.90130622445376,8.89816545031333,8.89566811954633,4.40305400186596,4.36986970440325,4.33117184062223,4.30000279919529,7.33333333333333,6.3,5.96666666666667,5.86666666666667
1980,4,2.455396602785,85.5666666666667,15.8533333333333,7315.677,7.4,8.89777485872749,4.44929579920898,1980-10-01,36575.3057958744,41364.4246312554,92407,5514,10.6301764819725,10.6205178961061,10.3474904936069,10.1615286612836,10.0325306940771,0.975843030159,-3.984732664275,1.608040690134,0.044937951292,9.83666666666667,12.6866666666667,15.0466666666667,13.5766666666667,8.87929739024156,8.88048664462219,8.90130622445376,8.89816545031333,4.42164790861762,4.40305400186596,4.36986970440325,4.33117184062223,7.66666666666667,7.33333333333333,6.3,5.96666666666667
1981,1,-0.4761058254,87.9333333333333,16.57,7459.022,7.43333333333333,8.91717958540785,4.4765789516151,1981-01-01,39106.7292302189,40604.4337539293,103133,6079,10.6116325453891,10.6301764819725,10.6205178961061,10.3474904936069,10.1615286612836,2.455396602785,0.975843030159,-3.984732664275,1.608040690134,15.8533333333333,9.83666666666667,12.6866666666667,15.0466666666667,8.89777485872749,8.87929739024156,8.88048664462219,8.90130622445376,4.44929579920898,4.42164790861762,4.40305400186596,4.36986970440325,7.4,7.66666666666667,7.33333333333333,6.3
1981,2,1.514907827349,89.7666666666667,17.78,7403.745,7.4,8.9097412322575,4.49721371114944,1981-04-01,39371.0164087188,40878.8425690528,101535,6020,10.6183679115867,10.6116325453891,10.6301764819725,10.6205178961061,10.3474904936069,-0.4761058254,2.455396602785,0.975843030159,-3.984732664275,16.57,15.8533333333333,9.83666666666667,12.6866666666667,8.91717958540785,8.89777485872749,8.87929739024156,8.88048664462219,4.4765789516151,4.44929579920898,4.42164790861762,4.40305400186596,7.43333333333333,7.4,7.66666666666667,7.33333333333333
1981,3,-0.651503715599,92.2666666666667,17.5766666666667,7492.405,7.4,8.92164511976442,4.5246829350754,1981-07-01,38100.7979106851,39559.9774051366,93699,5717,10.5855732145822,10.6183679115867,10.6116325453891,10.6301764819725,10.6205178961061,1.514907827349,-0.4761058254,2.455396602785,0.975843030159,17.78,16.57,15.8533333333333,9.83666666666667,8.9097412322575,8.91717958540785,8.89777485872749,8.87929739024156,4.49721371114944,4.4765789516151,4.44929579920898,4.42164790861762,7.4,7.43333333333333,7.4,7.66666666666667
1981,4,-0.830248323377,93.7666666666667,13.5866666666667,7410.768,8.23333333333333,8.91068935664419,4.5408094268277,1981-10-01,33564.4233120352,34849.8693112196,100267,5657,10.4588046661449,10.5855732145822,10.6183679115867,10.6116325453891,10.6301764819725,-0.651503715599,1.514907827349,-0.4761058254,2.455396602785,17.5766666666667,17.78,16.57,15.8533333333333,8.92164511976442,8.9097412322575,8.91717958540785,8.89777485872749,4.5246829350754,4.49721371114944,4.4765789516151,4.44929579920898,7.4,7.4,7.43333333333333,7.4
1982,1,0.586387534349,94.6,14.2266666666667,7295.631,8.83333333333333,8.89503095481728,4.54965747605783,1982-01-01,29426.8043185895,29426.8043185895,96660,5156,10.2896612494869,10.4588046661449,10.5855732145822,10.6183679115867,10.6116325453891,-0.830248323377,-0.651503715599,1.514907827349,-0.4761058254,13.5866666666667,17.5766666666667,17.78,16.57,8.91068935664419,8.92164511976442,8.9097412322575,8.91717958540785,4.5408094268277,4.5246829350754,4.49721371114944,4.4765789516151,8.23333333333333,7.4,7.4,7.43333333333333
1982,2,-0.055610131932,95.9666666666667,14.5133333333333,7328.912,9.43333333333333,8.89958235275866,4.56400090895002,1982-04-01,29143.1497944315,29143.1497944315,90874,5113,10.2799751656864,10.2896612494869,10.4588046661449,10.5855732145822,10.6183679115867,0.586387534349,-0.830248323377,-0.651503715599,1.514907827349,14.2266666666667,13.5866666666667,17.5766666666667,17.78,8.89503095481728,8.91068935664419,8.92164511976442,8.9097412322575,4.54965747605783,4.5408094268277,4.5246829350754,4.49721371114944,8.83333333333333,8.23333333333333,7.4,7.4
1982,3,-0.407508410409,97.6333333333333,11.0066666666667,7300.896,9.9,8.89575235933061,4.58121896516558,1982-07-01,28292.8218838629,28292.8218838629,96445,5211,10.2503634077786,10.2799751656864,10.2896612494869,10.4588046661449,10.5855732145822,-0.055610131932,0.586387534349,-0.830248323377,-0.651503715599,14.5133333333333,14.2266666666667,13.5866666666667,17.5766666666667,8.89958235275866,8.89503095481728,8.91068935664419,8.92164511976442,4.56400090895002,4.54965747605783,4.5408094268277,4.5246829350754,9.43333333333333,8.83333333333333,8.23333333333333,7.4
1982,4,0.533004927034,97.9333333333333,9.28666666666667,7303.817,10.6666666666667,8.89615236719642,4.58428697507167,1982-10-01,34042.8357335848,34042.8357335848,90638,5055,10.4353748851396,10.2503634077786,10.2799751656864,10.2896612494869,10.4588046661449,-0.407508410409,-0.055610131932,0.586387534349,-0.830248323377,11.0066666666667,14.5133333333333,14.2266666666667,13.5866666666667,8.89575235933061,8.89958235275866,8.89503095481728,8.91068935664419,4.58121896516558,4.56400090895002,4.54965747605783,4.5408094268277,9.9,9.43333333333333,8.83333333333333,8.23333333333333
1983,1,0.329637562927,98,8.65333333333333,7400.066,10.3666666666667,8.90924419807141,4.58496747867057,1983-01-01,36329.7185459543,35002.7692999518,76792,4260,10.4631824601973,10.4353748851396,10.2503634077786,10.2799751656864,10.2896612494869,0.533004927034,-0.407508410409,-0.055610131932,0.586387534349,9.28666666666667,11.0066666666667,14.5133333333333,14.2266666666667,8.89615236719642,8.89575235933061,8.89958235275866,8.89503095481728,4.58428697507167,4.58121896516558,4.56400090895002,4.54965747605783,10.6666666666667,9.9,9.43333333333333,8.83333333333333
1983,2,-0.018749407892,99.1333333333333,8.80333333333333,7568.456,10.1333333333333,8.93174436261632,4.59646574535795,1983-04-01,43145.9500952924,41570.0368144177,85656,4422,10.6351349178469,10.4631824601973,10.4353748851396,10.2503634077786,10.2799751656864,0.329637562927,0.533004927034,-0.407508410409,-0.055610131932,8.65333333333333,9.28666666666667,11.0066666666667,14.5133333333333,8.90924419807141,8.89615236719642,8.89575235933061,8.89958235275866,4.58496747867057,4.58428697507167,4.58121896516558,4.56400090895002,10.3666666666667,10.6666666666667,9.9,9.43333333333333
1983,3,-0.242335755975,100.1,9.46,7719.746,9.36666666666667,8.95153674092315,4.60616968632117,1983-07-01,48430.3069656373,46661.3816371785,108234,5779,10.7506721558781,10.6351349178469,10.4631824601973,10.4353748851396,10.2503634077786,-0.018749407892,0.329637562927,0.533004927034,-0.407508410409,8.80333333333333,8.65333333333333,9.28666666666667,11.0066666666667,8.93174436261632,8.90924419807141,8.89615236719642,8.89575235933061,4.59646574535795,4.58496747867057,4.58428697507167,4.58121896516558,10.1333333333333,10.3666666666667,10.6666666666667,9.9
1983,4,0.325990485294,101.1,9.43,7880.794,8.53333333333333,8.97218393919715,4.61611012602643,1983-10-01,46079.4304662143,44396.3713080207,119368,5966,10.7009130177836,10.7506721558781,10.6351349178469,10.4631824601973,10.4353748851396,-0.242335755975,-0.018749407892,0.329637562927,0.533004927034,9.46,8.80333333333333,8.65333333333333,9.28666666666667,8.95153674092315,8.93174436261632,8.90924419807141,8.89615236719642,4.60616968632117,4.59646574535795,4.58496747867057,4.58428697507167,9.36666666666667,10.1333333333333,10.3666666666667,10.6666666666667
1984,1,0.156448429254,102.533333333333,9.68666666666667,8034.847,7.86666666666667,8.99154323629772,4.63018794896338,1984-01-01,40795.6652992962,37812.5064882364,116014,5799,10.5403951863629,10.7009130177836,10.7506721558781,10.6351349178469,10.4631824601973,0.325990485294,-0.242335755975,-0.018749407892,0.329637562927,9.43,9.46,8.80333333333333,8.65333333333333,8.97218393919715,8.95153674092315,8.93174436261632,8.90924419807141,4.61611012602643,4.60616968632117,4.59646574535795,4.58496747867057,8.53333333333333,9.36666666666667,10.1333333333333,10.3666666666667
1984,2,0.173243272403,103.5,10.5566666666667,8173.67,7.43333333333333,9.00867329139832,4.63957161270542,1984-04-01,38237.197225095,35441.1248734022,116616,5932,10.4756281444355,10.5403951863629,10.7009130177836,10.7506721558781,10.6351349178469,0.156448429254,0.325990485294,-0.242335755975,-0.018749407892,9.68666666666667,9.43,9.46,8.80333333333333,8.99154323629772,8.97218393919715,8.95153674092315,8.93174436261632,4.63018794896338,4.61611012602643,4.60616968632117,4.59646574535795,7.86666666666667,8.53333333333333,9.36666666666667,10.1333333333333
1984,3,0.265528910772,104.4,11.39,8252.465,7.43333333333333,9.01826722257931,4.64822967544854,1984-07-01,36367.8984662738,33708.5174768119,116015,5810,10.4255058285251,10.4756281444355,10.5403951863629,10.7009130177836,10.7506721558781,0.173243272403,0.156448429254,0.325990485294,-0.242335755975,10.5566666666667,9.68666666666667,9.43,9.46,9.00867329139832,8.99154323629772,8.97218393919715,8.95153674092315,4.63957161270542,4.63018794896338,4.61611012602643,4.60616968632117,7.43333333333333,7.86666666666667,8.53333333333333,9.36666666666667
1984,4,-0.653967604018,105.3,9.26666666666667,8320.199,7.3,9.02644145179845,4.65681341913993,1984-10-01,33550.4253543662,31097.0704139238,111136,5432,10.3448688948211,10.4255058285251,10.4756281444355,10.5403951863629,10.7009130177836,0.265528910772,0.173243272403,0.156448429254,0.325990485294,11.39,10.5566666666667,9.68666666666667,9.43,9.01826722257931,9.00867329139832,8.99154323629772,8.97218393919715,4.64822967544854,4.63957161270542,4.63018794896338,4.61611012602643,7.43333333333333,7.43333333333333,7.86666666666667,8.53333333333333
1985,1,0.043523498195,106.266666666667,8.47666666666667,8400.82,7.23333333333333,9.0360845991146,4.66595165824795,1985-01-01,33128.8928633226,29582.6161341285,107135,5413,10.2949421750223,10.3448688948211,10.4255058285251,10.4756281444355,10.5403951863629,-0.653967604018,0.265528910772,0.173243272403,0.156448429254,9.26666666666667,11.39,10.5566666666667,9.68666666666667,9.02644145179845,9.01826722257931,9.00867329139832,8.99154323629772,4.65681341913993,4.64822967544854,4.63957161270542,4.63018794896338,7.3,7.43333333333333,7.43333333333333,7.86666666666667
1985,2,-0.103948440594,107.233333333333,7.92333333333333,8474.787,7.3,9.04485079918946,4.67500714557687,1985-04-01,35065.4501584691,31311.8749813959,122986,6012,10.351752696954,10.2949421750223,10.3448688948211,10.4255058285251,10.4756281444355,0.043523498195,-0.653967604018,0.265528910772,0.173243272403,8.47666666666667,9.26666666666667,11.39,10.5566666666667,9.0360845991146,9.02644145179845,9.01826722257931,9.00867329139832,4.66595165824795,4.65681341913993,4.64822967544854,4.63957161270542,7.23333333333333,7.3,7.43333333333333,7.43333333333333
1985,3,0.2466248522,107.9,7.9,8604.22,7.2,9.06000805956328,4.68120487226409,1985-07-01,33944.6958171695,30311.091598863,125349,6012,10.3192689838825,10.351752696954,10.2949421750223,10.3448688948211,10.4255058285251,-0.103948440594,0.043523498195,-0.653967604018,0.265528910772,7.92333333333333,8.47666666666667,9.26666666666667,11.39,9.04485079918946,9.0360845991146,9.02644145179845,9.01826722257931,4.67500714557687,4.66595165824795,4.65681341913993,4.64822967544854,7.3,7.23333333333333,7.3,7.43333333333333
1985,4,0.05537063137,109,8.10333333333333,8668.188,7.03333333333333,9.06741505139198,4.69134788222914,1985-10-01,36710.0313609,32780.4122673727,131697,6437,10.3975864290147,10.3192689838825,10.351752696954,10.2949421750223,10.3448688948211,0.2466248522,-0.103948440594,0.043523498195,-0.653967604018,7.9,7.92333333333333,8.47666666666667,9.26666666666667,9.06000805956328,9.04485079918946,9.0360845991146,9.02644145179845,4.68120487226409,4.67500714557687,4.66595165824795,4.65681341913993,7.2,7.3,7.23333333333333,7.3
1986,1,-0.109958119439,109.566666666667,7.82666666666667,8749.127,7.03333333333333,9.07670920294559,4.69653319200206,1986-01-01,34267.8850330677,30267.3808074878,113653,5046,10.317825870604,10.3975864290147,10.3192689838825,10.351752696954,10.2949421750223,0.05537063137,0.2466248522,-0.103948440594,0.043523498195,8.10333333333333,7.9,7.92333333333333,8.47666666666667,9.06741505139198,9.06000805956328,9.04485079918946,9.0360845991146,4.69134788222914,4.68120487226409,4.67500714557687,4.66595165824795,7.03333333333333,7.2,7.3,7.23333333333333
1986,2,0.282621338207,109.033333333333,6.92,8788.524,7.16666666666667,9.08120205849066,4.69165364587623,1986-04-01,46050.8091879051,40674.741870946,133204,6078,10.6133625859318,10.317825870604,10.3975864290147,10.3192689838825,10.351752696954,-0.109958119439,0.05537063137,0.2466248522,-0.103948440594,7.82666666666667,8.10333333333333,7.9,7.92333333333333,9.07670920294559,9.06741505139198,9.06000805956328,9.04485079918946,4.69653319200206,4.69134788222914,4.68120487226409,4.67500714557687,7.03333333333333,7.03333333333333,7.2,7.3
1986,3,-0.400390017778,109.7,6.20666666666667,8872.601,6.96666666666667,9.09072326794417,4.69774936728118,1986-07-01,48756.7675875205,43064.8010546792,128392,5783,10.6704612615604,10.6133625859318,10.317825870604,10.3975864290147,10.3192689838825,0.282621338207,-0.109958119439,0.05537063137,0.2466248522,6.92,7.82666666666667,8.10333333333333,7.9,9.08120205849066,9.07670920294559,9.06741505139198,9.06000805956328,4.69165364587623,4.69653319200206,4.69134788222914,4.68120487226409,7.16666666666667,7.03333333333333,7.03333333333333,7.2
1986,4,-0.060656671139,110.466666666667,6.26666666666667,8920.193,6.83333333333333,9.09607286211128,4.70471381632435,1986-10-01,49207.7785954991,43463.1600988298,127946,5908,10.6796689639794,10.6704612615604,10.6133625859318,10.317825870604,10.3975864290147,-0.400390017778,0.282621338207,-0.109958119439,0.05537063137,6.20666666666667,6.92,7.82666666666667,8.10333333333333,9.09072326794417,9.08120205849066,9.07670920294559,9.06741505139198,4.69774936728118,4.69165364587623,4.69653319200206,4.69134788222914,6.96666666666667,7.16666666666667,7.03333333333333,7.03333333333333
1987,1,0.366852987106,111.8,6.22,8986.367,6.6,9.10346393010482,4.716711560721,1987-01-01,58753.7857393,49691.243398229,158693,6878,10.8135840073911,10.6796689639794,10.6704612615604,10.6133625859318,10.317825870604,-0.060656671139,-0.400390017778,0.282621338207,-0.109958119439,6.26666666666667,6.20666666666667,6.92,7.82666666666667,9.09607286211128,9.09072326794417,9.08120205849066,9.07670920294559,4.70471381632435,4.69774936728118,4.69165364587623,4.69653319200206,6.83333333333333,6.96666666666667,7.16666666666667,7.03333333333333
1987,2,0.238376190682,113.066666666667,6.65,9083.256,6.26666666666667,9.11418799762557,4.72797761524964,1987-04-01,64698.0918737874,54718.6634911761,179551,7104,10.9099601274948,10.8135840073911,10.6796689639794,10.6704612615604,10.6133625859318,0.366852987106,-0.060656671139,-0.400390017778,0.282621338207,6.22,6.26666666666667,6.20666666666667,6.92,9.10346393010482,9.09607286211128,9.09072326794417,9.08120205849066,4.716711560721,4.70471381632435,4.69774936728118,4.69165364587623,6.6,6.83333333333333,6.96666666666667,7.16666666666667
1987,3,-0.208706711276,114.266666666667,6.84333333333333,9162.024,6,9.12282239395865,4.73853489805551,1987-07-01,64324.8336956527,54402.9789315049,155877,6298,10.9041741911151,10.9099601274948,10.8135840073911,10.6796689639794,10.6704612615604,0.238376190682,0.366852987106,-0.060656671139,-0.400390017778,6.65,6.22,6.26666666666667,6.20666666666667,9.11418799762557,9.10346393010482,9.09607286211128,9.09072326794417,4.72797761524964,4.716711560721,4.70471381632435,4.69774936728118,6.26666666666667,6.6,6.83333333333333,6.96666666666667
1987,4,-0.265471760813,115.333333333333,6.91666666666667,9319.332,5.83333333333333,9.1398462312912,4.74782648638961,1987-10-01,59658.7499350033,50456.6203956354,141792,6044,10.8288692440431,10.9041741911151,10.9099601274948,10.8135840073911,10.6796689639794,-0.208706711276,0.238376190682,0.366852987106,-0.060656671139,6.84333333333333,6.65,6.22,6.26666666666667,9.12282239395865,9.11418799762557,9.10346393010482,9.09607286211128,4.73853489805551,4.72797761524964,4.716711560721,4.70471381632435,6,6.26666666666667,6.6,6.83333333333333
1988,1,-0.206251129379,116.233333333333,6.66333333333333,9367.502,5.7,9.14500174417196,4.7555996650135,1988-01-01,62901.4520134022,50947.5661121002,141747,5530,10.8385522673842,10.8288692440431,10.9041741911151,10.9099601274948,10.8135840073911,-0.265471760813,-0.208706711276,0.238376190682,0.366852987106,6.91666666666667,6.84333333333333,6.65,6.22,9.1398462312912,9.12282239395865,9.11418799762557,9.10346393010482,4.74782648638961,4.73853489805551,4.72797761524964,4.716711560721,5.83333333333333,6,6.26666666666667,6.6
1988,2,0.495983519926,117.566666666667,7.15666666666667,9490.594,5.46666666666667,9.15805648184748,4.7670055485739,1988-04-01,64865.6101016647,52538.452663257,146832,6088,10.8693006121636,10.8385522673842,10.8288692440431,10.9041741911151,10.9099601274948,-0.206251129379,-0.265471760813,-0.208706711276,0.238376190682,6.66333333333333,6.91666666666667,6.84333333333333,6.65,9.14500174417196,9.1398462312912,9.12282239395865,9.11418799762557,4.7555996650135,4.74782648638961,4.73853489805551,4.72797761524964,5.7,5.83333333333333,6,6.26666666666667
1988,3,-0.248788853037,119,7.98333333333333,9546.206,5.46666666666667,9.16389907705226,4.77912349311153,1988-07-01,64818.1178885764,52499.9859412875,146599,6071,10.8685681807947,10.8693006121636,10.8385522673842,10.8288692440431,10.9041741911151,0.495983519926,-0.206251129379,-0.265471760813,-0.208706711276,7.15666666666667,6.66333333333333,6.91666666666667,6.84333333333333,9.15805648184748,9.14500174417196,9.1398462312912,9.12282239395865,4.7670055485739,4.7555996650135,4.74782648638961,4.73853489805551,5.46666666666667,5.7,5.83333333333333,6
1988,4,0.436473466927,120.3,8.47,9673.405,5.33333333333333,9.17713564642629,4.78998862298063,1988-10-01,52974.4541880443,42907.109782183,145392,6072,10.666792820373,10.8685681807947,10.8693006121636,10.8385522673842,10.8288692440431,-0.248788853037,0.495983519926,-0.206251129379,-0.265471760813,7.98333333333333,7.15666666666667,6.66333333333333,6.91666666666667,9.16389907705226,9.15805648184748,9.14500174417196,9.1398462312912,4.77912349311153,4.7670055485739,4.7555996650135,4.74782648638961,5.46666666666667,5.46666666666667,5.7,5.83333333333333
